<?xml version="1.0" encoding="utf-8"?>
<LanguageInfo>
  <friendlyNameNative>Français</friendlyNameNative>
  <friendlyNameEnglish>French</friendlyNameEnglish>
  <canBeTiny>true</canBeTiny>
  <languageWorkerClass>RimWorld_LanguageWorker_French.LanguageWorker_French</languageWorkerClass>
  <credits>
    <li Class="CreditRecord_Role">
      <roleKey>Credit_Translator</roleKey>
	    <creditee>Melehad</creditee>
    </li>
	<li Class="CreditRecord_Role">
      <roleKey>Credit_Translator</roleKey>
	    <creditee>b606</creditee>
    </li>
	<li Class="CreditRecord_Role">
      <roleKey>Credit_Translator</roleKey>
	    <creditee>CivvyThePanda</creditee>
    </li>
	<li Class="CreditRecord_Role">
      <roleKey>Credit_Translator</roleKey>
	    <creditee>Cybercorp</creditee>
    </li>
	<li Class="CreditRecord_Role">
      <roleKey>Credit_Translator</roleKey>
	    <creditee>DarkMatter26</creditee>
    </li>
	<li Class="CreditRecord_Role">
      <roleKey>Credit_Translator</roleKey>
	    <creditee>Dawlit</creditee>
    </li>
   	<li Class="CreditRecord_Role">
      <roleKey>Credit_Translator</roleKey>
	    <creditee>Dolos</creditee>
    </li>
	<li Class="CreditRecord_Role">
      <roleKey>Credit_Translator</roleKey>
	    <creditee>elidjah</creditee>
    </li>
	<li Class="CreditRecord_Role">
      <roleKey>Credit_Translator</roleKey>
	    <creditee>François 'NIPSEN' LINANT</creditee>
    </li>
    <li Class="CreditRecord_Role">
      <roleKey>Credit_Translator</roleKey>
	    <creditee>happyman456</creditee>
    </li>
    <li Class="CreditRecord_Role">
      <roleKey>Credit_Translator</roleKey>
	    <creditee>Hiztaar</creditee>
    </li>
    <li Class="CreditRecord_Role">
      <roleKey>Credit_Translator</roleKey>
	    <creditee>Jacques-Alexandre Hallé</creditee>
    </li>
	<li Class="CreditRecord_Role">
      <roleKey>Credit_Translator</roleKey>
	    <creditee>knives49</creditee>
    </li>
    	<li Class="CreditRecord_Role">
      <roleKey>Credit_Translator</roleKey>
	    <creditee>Lucas Pierru</creditee>
    </li>
    <li Class="CreditRecord_Role">
      <roleKey>Credit_Translator</roleKey>
	    <creditee>MagicNesquick</creditee>
    </li>
	<li Class="CreditRecord_Role">
      <roleKey>Credit_Translator</roleKey>
	    <creditee>Mohedge</creditee>
    </li>
	<li Class="CreditRecord_Role">
      <roleKey>Credit_Translator</roleKey>
	    <creditee>Nemh</creditee>
    </li>
   	<li Class="CreditRecord_Role">
      <roleKey>Credit_Translator</roleKey>
	    <creditee>NeverPire</creditee>
    </li>
   	<li Class="CreditRecord_Role">
      <roleKey>Credit_Translator</roleKey>
	    <creditee>Raphaël Bouterige</creditee>
    </li>
	<li Class="CreditRecord_Role">
      <roleKey>Credit_Translator</roleKey>
	    <creditee>Théo Bessonnet</creditee>
    </li>
	<li Class="CreditRecord_Role">
      <roleKey>Credit_Translator</roleKey>
	    <creditee>Tynan Sylvester</creditee>
    </li>
	<li Class="CreditRecord_Role">
      <roleKey>Credit_Translator</roleKey>
	    <creditee>Walewein</creditee>
    </li>
	<li Class="CreditRecord_Role">
      <roleKey>Credit_Translator</roleKey>
	    <creditee>Kiliak</creditee>
    </li>
	<li Class="CreditRecord_Role">
      <roleKey>Credit_Translator</roleKey>
	    <creditee>G95Phil</creditee>
    </li>
	<li Class="CreditRecord_Role">
      <roleKey>Credit_Translator</roleKey>
	    <creditee>Adirelle</creditee>
    </li>
  </credits>
</LanguageInfo>
